{
  "toolscriptVersion": "1.0.0",
  "version": "43.0.9",
  "pageUuid": "36621e0e-bfde-11f0-974a-77fcbe2b040e",
  "appTemplate": {
    "appThemeId": "custom",
    "pageCodeFolders": {
      "object": {
        "CollegeRoadmap": {
          "array": []
        },
        "ResumeBuilder": {
          "array": []
        },
        "AppAndEssay": {
          "array": []
        },
        "CollegeFit": {
          "array": []
        },
        "MajorMatcher": {
          "array": []
        },
        "PassionProject": {
          "array": []
        },
        "Scolarships": {
          "array": []
        },
        "Ecs": {
          "array": []
        },
        "DocLoc": {
          "array": []
        },
        "ProgTrac": {
          "array": []
        },
        "About": {
          "array": []
        }
      }
    },
    "rootScreen": "page1",
    "appThemeName": "Custom app theme",
    "version": "3.307.0",
    "experimentalDataTabEnabled": true
  }
}
