{
  "aboutPageTitle": {
    "row": 0.4,
    "height": 1.6,
    "width": 12
  },
  "foundersSection": {
    "row": 19.2,
    "height": 8,
    "width": 12
  },
  "joelleImage": {
    "container": "foundersSection",
    "subcontainer": "00030",
    "height": 4.8,
    "stackPosition": {
      "object": {
        "ordinal": 3,
        "widthType": "fixed",
        "width": 0,
        "height": 0
      }
    }
  },
  "joelleInfo": {
    "container": "foundersSection",
    "subcontainer": "00030",
    "col": 3,
    "height": 4.8,
    "stackPosition": {
      "object": {
        "ordinal": 1,
        "widthType": "fixed",
        "width": 0,
        "height": 0
      }
    }
  },
  "ourStorySection": {
    "row": 11.2,
    "height": 8,
    "width": 12,
    "stackPosition": {
      "object": {
        "ordinal": 0,
        "widthType": "fixed",
        "width": 0,
        "height": 0
      }
    }
  },
  "rishiImage": {
    "container": "foundersSection",
    "subcontainer": "00030",
    "col": 6,
    "height": 4.8,
    "stackPosition": {
      "object": {
        "ordinal": 0,
        "widthType": "fixed",
        "width": 0,
        "height": 0
      }
    }
  },
  "rishiInfo": {
    "container": "foundersSection",
    "subcontainer": "00030",
    "col": 9,
    "height": 4.8,
    "stackPosition": {
      "object": {
        "ordinal": 2,
        "widthType": "fixed",
        "width": 0,
        "height": 0
      }
    }
  },
  "storyText": {
    "container": "ourStorySection",
    "subcontainer": "00030",
    "height": 6,
    "width": 12,
    "stackPosition": {
      "object": {
        "ordinal": 0,
        "widthType": "fixed",
        "width": 0,
        "height": 0
      }
    }
  },
  "teamMember1": {
    "type": "stack",
    "container": "teamRepeater",
    "subcontainer": "00030",
    "row": 4.8,
    "height": 4.8,
    "stackPosition": {
      "object": {
        "ordinal": 2,
        "widthType": "fixed",
        "width": 209,
        "height": 192
      }
    }
  },
  "teamMember2": {
    "type": "stack",
    "container": "teamRepeater",
    "subcontainer": "00030",
    "height": 4.8,
    "stackPosition": {
      "object": {
        "ordinal": 0,
        "widthType": "fixed",
        "width": 209,
        "height": 192
      }
    }
  },
  "teamMember3": {
    "type": "stack",
    "container": "teamRepeater",
    "subcontainer": "00030",
    "row": 9.6,
    "height": 4.8,
    "stackPosition": {
      "object": {
        "ordinal": 1,
        "widthType": "fixed",
        "width": 209,
        "height": 192
      }
    }
  },
  "teamMembersContainer": {
    "container": "teamSection",
    "subcontainer": "00030",
    "height": 8,
    "width": 12,
    "stackPosition": {
      "object": {
        "ordinal": 0,
        "widthType": "fixed",
        "width": 0,
        "height": 0
      }
    }
  },
  "teamRepeater": {
    "type": "stack",
    "container": "teamMembersContainer",
    "subcontainer": "00030",
    "height": 8,
    "width": 12,
    "stackPosition": {
      "object": {
        "ordinal": 0,
        "widthType": "fixed",
        "width": 873,
        "height": 40
      }
    }
  },
  "teamSection": {
    "row": 27.2,
    "height": 10,
    "width": 12,
    "stackPosition": {
      "object": {
        "ordinal": 0,
        "widthType": "fixed",
        "width": 0,
        "height": 0
      }
    }
  },
  "tm1Image": {
    "container": "teamMember1",
    "subcontainer": "00030",
    "height": 2.4,
    "width": 12,
    "stackPosition": {
      "object": {
        "ordinal": 1,
        "widthType": "fixed",
        "width": 0,
        "height": 0
      }
    }
  },
  "tm1Name": {
    "container": "teamMember1",
    "subcontainer": "00030",
    "row": 2.4,
    "height": 1.2,
    "width": 12,
    "stackPosition": {
      "object": {
        "ordinal": 0,
        "widthType": "fixed",
        "width": 0,
        "height": 0
      }
    }
  },
  "tm2Image": {
    "container": "teamMember2",
    "subcontainer": "00030",
    "height": 2.4,
    "width": 12,
    "stackPosition": {
      "object": {
        "ordinal": 1,
        "widthType": "fixed",
        "width": 0,
        "height": 0
      }
    }
  },
  "tm2Name": {
    "container": "teamMember2",
    "subcontainer": "00030",
    "row": 2.4,
    "height": 1.2,
    "width": 12,
    "stackPosition": {
      "object": {
        "ordinal": 0,
        "widthType": "fixed",
        "width": 0,
        "height": 0
      }
    }
  },
  "tm3Image": {
    "container": "teamMember3",
    "subcontainer": "00030",
    "height": 2.4,
    "width": 12,
    "stackPosition": {
      "object": {
        "ordinal": 0,
        "widthType": "fixed",
        "width": 0,
        "height": 0
      }
    }
  },
  "tm3Name": {
    "container": "teamMember3",
    "subcontainer": "00030",
    "row": 2.4,
    "height": 1.2,
    "width": 12,
    "stackPosition": {
      "object": {
        "ordinal": 1,
        "widthType": "fixed",
        "width": 0,
        "height": 0
      }
    }
  }
}
