{
  "activitiesHelp": {
    "container": "mainTabs",
    "subcontainer": "00030",
    "row": 13.4,
    "height": 0.8,
    "width": 12,
    "stackPosition": {
      "object": {
        "ordinal": 12,
        "widthType": "fixed",
        "width": 0,
        "height": 0
      }
    }
  },
  "activitiesTable": {
    "container": "mainTabs",
    "subcontainer": "00030",
    "row": 3,
    "height": 10,
    "width": 12,
    "stackPosition": {
      "object": {
        "ordinal": 1,
        "widthType": "fixed",
        "width": 0,
        "height": 0
      }
    }
  },
  "activitiesTitle": {
    "container": "mainTabs",
    "subcontainer": "00030",
    "height": 1.2,
    "width": 12,
    "stackPosition": {
      "object": {
        "ordinal": 14,
        "widthType": "fixed",
        "width": 0,
        "height": 0
      }
    }
  },
  "addActivityButton": {
    "container": "mainTabs",
    "subcontainer": "00030",
    "row": 1.6,
    "col": 9,
    "height": 1,
    "stackPosition": {
      "object": {
        "ordinal": 0,
        "widthType": "fixed",
        "width": 0,
        "height": 0
      }
    }
  },
  "addApplicationButton": {
    "container": "applicationsSectionAEH",
    "rowGroup": "header",
    "subcontainer": "00030",
    "row": 0.6,
    "col": 8,
    "height": 1,
    "width": 4
  },
  "addCoalitionEssay": {
    "container": "essaySystemTabs",
    "subcontainer": "00030",
    "row": 29.2,
    "col": 9,
    "height": 1,
    "stackPosition": {
      "object": {
        "ordinal": 6,
        "widthType": "fixed",
        "width": 0,
        "height": 0
      }
    }
  },
  "addCommonAppEssay": {
    "container": "essaySystemTabs",
    "subcontainer": "00030",
    "col": 9,
    "height": 1,
    "stackPosition": {
      "object": {
        "ordinal": 4,
        "widthType": "fixed",
        "width": 0,
        "height": 0
      }
    }
  },
  "addDeadlineButton": {
    "container": "mainTabs",
    "subcontainer": "00030",
    "row": 52.8,
    "col": 9,
    "height": 1,
    "stackPosition": {
      "object": {
        "ordinal": 6,
        "widthType": "fixed",
        "width": 0,
        "height": 0
      }
    }
  },
  "addEssayButton": {
    "container": "essaysSectionAEH",
    "rowGroup": "header",
    "subcontainer": "00030",
    "row": 0.6,
    "col": 8,
    "height": 1,
    "width": 4
  },
  "addQuestBridgeEssay": {
    "container": "essaySystemTabs",
    "subcontainer": "00030",
    "row": 30.2,
    "col": 9,
    "height": 1,
    "stackPosition": {
      "object": {
        "ordinal": 2,
        "widthType": "fixed",
        "width": 0,
        "height": 0
      }
    }
  },
  "addRecommenderButton": {
    "container": "mainTabs",
    "subcontainer": "00030",
    "row": 40.6,
    "col": 9,
    "height": 1,
    "stackPosition": {
      "object": {
        "ordinal": 4,
        "widthType": "fixed",
        "width": 0,
        "height": 0
      }
    }
  },
  "addUCEssay": {
    "container": "essaySystemTabs",
    "subcontainer": "00030",
    "row": 28.2,
    "col": 9,
    "height": 1,
    "stackPosition": {
      "object": {
        "ordinal": 0,
        "widthType": "fixed",
        "width": 0,
        "height": 0
      }
    }
  },
  "applicationModalTitle": {
    "rowGroup": "header",
    "subcontainer": "applicationDetailModal",
    "height": 1.2,
    "width": 12
  },
  "applicationTypeSelect": {
    "subcontainer": "applicationDetailModal",
    "row": 2.4,
    "col": 6,
    "height": 0.2,
    "width": 6
  },
  "applicationsHeaderAEH": {
    "container": "applicationsSectionAEH",
    "rowGroup": "header",
    "subcontainer": "00030",
    "height": 1.2,
    "width": 8
  },
  "applicationsSectionAEH": {
    "container": "hubContainer",
    "subcontainer": "00030",
    "row": 2.8,
    "height": 9.6,
    "width": 12,
    "stackPosition": {
      "object": {
        "ordinal": 2,
        "widthType": "fixed",
        "width": 0,
        "height": 0
      }
    }
  },
  "applicationsTable": {
    "container": "applicationsSectionAEH",
    "subcontainer": "00030",
    "height": 7.2,
    "width": 12,
    "stackPosition": {
      "object": {
        "ordinal": 0,
        "widthType": "fixed",
        "width": 0,
        "height": 0
      }
    }
  },
  "cancelApplicationButton": {
    "rowGroup": "footer",
    "subcontainer": "applicationDetailModal",
    "height": 1,
    "width": 4
  },
  "coalitionEssaysTable": {
    "container": "essaySystemTabs",
    "subcontainer": "00030",
    "row": 20.6,
    "height": 6,
    "width": 12,
    "stackPosition": {
      "object": {
        "ordinal": 8,
        "widthType": "fixed",
        "width": 0,
        "height": 0
      }
    }
  },
  "coalitionNote": {
    "container": "essaySystemTabs",
    "subcontainer": "00030",
    "row": 27,
    "height": 0.8,
    "width": 12,
    "stackPosition": {
      "object": {
        "ordinal": 7,
        "widthType": "fixed",
        "width": 0,
        "height": 0
      }
    }
  },
  "collegeNameInput": {
    "subcontainer": "applicationDetailModal",
    "row": 0.4,
    "height": 0.2,
    "width": 12
  },
  "commonAppEssaysTable": {
    "container": "essaySystemTabs",
    "subcontainer": "00030",
    "row": 1.4,
    "height": 6,
    "width": 12,
    "stackPosition": {
      "object": {
        "ordinal": 11,
        "widthType": "fixed",
        "width": 0,
        "height": 0
      }
    }
  },
  "commonAppNote": {
    "container": "essaySystemTabs",
    "subcontainer": "00030",
    "row": 7.8,
    "height": 0.8,
    "width": 12,
    "stackPosition": {
      "object": {
        "ordinal": 10,
        "widthType": "fixed",
        "width": 0,
        "height": 0
      }
    }
  },
  "deadlineInput": {
    "subcontainer": "applicationDetailModal",
    "row": 2.4,
    "height": 0.2,
    "width": 6
  },
  "deadlinesHelp": {
    "container": "mainTabs",
    "subcontainer": "00030",
    "row": 63.8,
    "height": 0.8,
    "width": 12,
    "stackPosition": {
      "object": {
        "ordinal": 8,
        "widthType": "fixed",
        "width": 0,
        "height": 0
      }
    }
  },
  "deadlinesTable": {
    "container": "mainTabs",
    "subcontainer": "00030",
    "row": 53.8,
    "height": 10,
    "width": 12,
    "stackPosition": {
      "object": {
        "ordinal": 7,
        "widthType": "fixed",
        "width": 0,
        "height": 0
      }
    }
  },
  "deadlinesTitle": {
    "container": "mainTabs",
    "subcontainer": "00030",
    "row": 52.2,
    "height": 1.2,
    "width": 12,
    "stackPosition": {
      "object": {
        "ordinal": 11,
        "widthType": "fixed",
        "width": 0,
        "height": 0
      }
    }
  },
  "documentsHelp": {
    "container": "mainTabs",
    "subcontainer": "00030",
    "row": 96,
    "height": 0.8,
    "width": 12,
    "stackPosition": {
      "object": {
        "ordinal": 16,
        "widthType": "fixed",
        "width": 0,
        "height": 0
      }
    }
  },
  "documentsTable": {
    "container": "mainTabs",
    "subcontainer": "00030",
    "row": 86,
    "height": 10,
    "width": 12,
    "stackPosition": {
      "object": {
        "ordinal": 15,
        "widthType": "fixed",
        "width": 0,
        "height": 0
      }
    }
  },
  "documentsTitle": {
    "container": "mainTabs",
    "subcontainer": "00030",
    "row": 64.4,
    "height": 1.2,
    "width": 12,
    "stackPosition": {
      "object": {
        "ordinal": 9,
        "widthType": "fixed",
        "width": 0,
        "height": 0
      }
    }
  },
  "essayHubTitle": {
    "height": 1.6,
    "width": 12
  },
  "essaySystemTabs": {
    "container": "mainTabs",
    "subcontainer": "00030",
    "row": 16,
    "height": 24,
    "width": 12,
    "stackPosition": {
      "object": {
        "ordinal": 3,
        "widthType": "fixed",
        "width": 0,
        "height": 0
      }
    }
  },
  "essaysCompleteStatAEH": {
    "container": "progressSection",
    "subcontainer": "00030",
    "row": 0.4,
    "col": 6,
    "height": 0.8,
    "stackPosition": {
      "object": {
        "ordinal": 3,
        "widthType": "fixed",
        "width": 0,
        "height": 0
      }
    }
  },
  "essaysHeaderAEH": {
    "container": "essaysSectionAEH",
    "rowGroup": "header",
    "subcontainer": "00030",
    "height": 1.2,
    "width": 8
  },
  "essaysSectionAEH": {
    "container": "hubContainer",
    "subcontainer": "00030",
    "row": 12.4,
    "height": 9.6,
    "width": 12,
    "stackPosition": {
      "object": {
        "ordinal": 3,
        "widthType": "fixed",
        "width": 0,
        "height": 0
      }
    }
  },
  "essaysTable": {
    "container": "essaysSectionAEH",
    "subcontainer": "00030",
    "height": 7.2,
    "width": 12,
    "stackPosition": {
      "object": {
        "ordinal": 0,
        "widthType": "fixed",
        "width": 0,
        "height": 0
      }
    }
  },
  "essaysTitle": {
    "container": "mainTabs",
    "subcontainer": "00030",
    "row": 14.4,
    "height": 1.2,
    "width": 12,
    "stackPosition": {
      "object": {
        "ordinal": 2,
        "widthType": "fixed",
        "width": 0,
        "height": 0
      }
    }
  },
  "hubContainer": {
    "row": 0.6,
    "height": 32,
    "width": 12,
    "stackPosition": {
      "object": {
        "ordinal": 0,
        "widthType": "fixed",
        "width": 0,
        "height": 0
      }
    }
  },
  "mainTabs": {
    "row": 32.6,
    "height": 27,
    "width": 11
  },
  "nextButton1": {
    "container": "mainTabs",
    "rowGroup": "footer",
    "col": 8,
    "height": 1,
    "width": 4
  },
  "nextButton2": {
    "container": "essaySystemTabs",
    "rowGroup": "footer",
    "col": 8,
    "height": 1,
    "width": 4
  },
  "notesInputAEH": {
    "subcontainer": "applicationDetailModal",
    "row": 8.4,
    "height": 1,
    "width": 12
  },
  "portalLinkInput": {
    "subcontainer": "applicationDetailModal",
    "row": 6.4,
    "height": 0.2,
    "width": 12
  },
  "prevButton1": {
    "container": "mainTabs",
    "rowGroup": "footer",
    "height": 1,
    "width": 4
  },
  "prevButton2": {
    "container": "essaySystemTabs",
    "rowGroup": "footer",
    "height": 1,
    "width": 4
  },
  "progressSection": {
    "container": "hubContainer",
    "subcontainer": "00030",
    "height": 2.8,
    "width": 12,
    "stackPosition": {
      "object": {
        "ordinal": 1,
        "widthType": "fixed",
        "width": 0,
        "height": 0
      }
    }
  },
  "questBridgeEssaysTable": {
    "container": "essaySystemTabs",
    "subcontainer": "00030",
    "row": 31.2,
    "height": 6,
    "width": 12,
    "stackPosition": {
      "object": {
        "ordinal": 3,
        "widthType": "fixed",
        "width": 0,
        "height": 0
      }
    }
  },
  "questBridgeNote": {
    "container": "essaySystemTabs",
    "subcontainer": "00030",
    "row": 37.2,
    "height": 0.8,
    "width": 12,
    "stackPosition": {
      "object": {
        "ordinal": 5,
        "widthType": "fixed",
        "width": 0,
        "height": 0
      }
    }
  },
  "recommendersHelp": {
    "container": "mainTabs",
    "subcontainer": "00030",
    "row": 51.6,
    "height": 0.8,
    "width": 12,
    "stackPosition": {
      "object": {
        "ordinal": 13,
        "widthType": "fixed",
        "width": 0,
        "height": 0
      }
    }
  },
  "recommendersTable": {
    "container": "mainTabs",
    "subcontainer": "00030",
    "row": 41.6,
    "height": 10,
    "width": 12,
    "stackPosition": {
      "object": {
        "ordinal": 5,
        "widthType": "fixed",
        "width": 0,
        "height": 0
      }
    }
  },
  "recommendersTitle": {
    "container": "mainTabs",
    "subcontainer": "00030",
    "row": 40,
    "height": 1.2,
    "width": 12,
    "stackPosition": {
      "object": {
        "ordinal": 17,
        "widthType": "fixed",
        "width": 0,
        "height": 0
      }
    }
  },
  "requirementsChecklist": {
    "container": "requirementsSectionAEH",
    "subcontainer": "00030",
    "height": 5.6,
    "width": 12,
    "stackPosition": {
      "object": {
        "ordinal": 0,
        "widthType": "fixed",
        "width": 0,
        "height": 0
      }
    }
  },
  "requirementsHeaderAEH": {
    "container": "requirementsSectionAEH",
    "rowGroup": "header",
    "subcontainer": "00030",
    "height": 1.2,
    "width": 12
  },
  "requirementsSectionAEH": {
    "container": "hubContainer",
    "subcontainer": "00030",
    "row": 22,
    "height": 8.4,
    "width": 12,
    "stackPosition": {
      "object": {
        "ordinal": 0,
        "widthType": "fixed",
        "width": 0,
        "height": 0
      }
    }
  },
  "saveApplicationButton": {
    "rowGroup": "footer",
    "subcontainer": "applicationDetailModal",
    "col": 8,
    "height": 1,
    "width": 4
  },
  "statusSelect": {
    "subcontainer": "applicationDetailModal",
    "row": 4.4,
    "height": 0.2,
    "width": 6
  },
  "steps1": {
    "container": "mainTabs",
    "rowGroup": "header",
    "height": 0.6,
    "width": 12
  },
  "steps2": {
    "container": "essaySystemTabs",
    "rowGroup": "header",
    "height": 0.6,
    "width": 12
  },
  "submittedAppsStatAEH": {
    "container": "progressSection",
    "subcontainer": "00030",
    "row": 0.4,
    "col": 3,
    "height": 0.8,
    "stackPosition": {
      "object": {
        "ordinal": 0,
        "widthType": "fixed",
        "width": 0,
        "height": 0
      }
    }
  },
  "totalAppsStatAEH": {
    "container": "progressSection",
    "subcontainer": "00030",
    "row": 0.4,
    "height": 0.8,
    "stackPosition": {
      "object": {
        "ordinal": 2,
        "widthType": "fixed",
        "width": 0,
        "height": 0
      }
    }
  },
  "ucEssaysTable": {
    "container": "essaySystemTabs",
    "subcontainer": "00030",
    "row": 11,
    "height": 6,
    "width": 12,
    "stackPosition": {
      "object": {
        "ordinal": 9,
        "widthType": "fixed",
        "width": 0,
        "height": 0
      }
    }
  },
  "ucNote": {
    "container": "essaySystemTabs",
    "subcontainer": "00030",
    "row": 27.6,
    "height": 0.8,
    "width": 12,
    "stackPosition": {
      "object": {
        "ordinal": 1,
        "widthType": "fixed",
        "width": 0,
        "height": 0
      }
    }
  },
  "upcomingDeadlinesStatAEH": {
    "container": "progressSection",
    "subcontainer": "00030",
    "row": 0.4,
    "col": 9,
    "height": 0.8,
    "stackPosition": {
      "object": {
        "ordinal": 1,
        "widthType": "fixed",
        "width": 0,
        "height": 0
      }
    }
  },
  "uploadDocButton": {
    "container": "mainTabs",
    "subcontainer": "00030",
    "row": 65,
    "col": 9,
    "height": 1,
    "stackPosition": {
      "object": {
        "ordinal": 10,
        "widthType": "fixed",
        "width": 0,
        "height": 0
      }
    }
  }
}
