{
  "academicHeader": {
    "container": "academicPrefs",
    "rowGroup": "header",
    "subcontainer": "00030",
    "height": 1,
    "width": 12
  },
  "academicPrefs": {
    "container": "preferencesSection",
    "subcontainer": "00030",
    "height": 6.4,
    "width": 6,
    "stackPosition": {
      "object": {
        "ordinal": 3,
        "widthType": "fixed",
        "width": 0,
        "height": 0
      }
    }
  },
  "academicRigor": {
    "container": "academicPrefs",
    "subcontainer": "00030",
    "row": 2.4,
    "height": 0.2,
    "width": 12,
    "stackPosition": {
      "object": {
        "ordinal": 0,
        "widthType": "fixed",
        "width": 0,
        "height": 0
      }
    }
  },
  "academicRigor2": {
    "container": "academicPrefs",
    "subcontainer": "00030",
    "row": 2.6,
    "height": 0.2,
    "width": 12,
    "stackPosition": {
      "object": {
        "ordinal": 1,
        "widthType": "fixed",
        "width": 0,
        "height": 0
      }
    }
  },
  "campusHeader": {
    "container": "campusPrefs",
    "rowGroup": "header",
    "subcontainer": "00030",
    "height": 1,
    "width": 12
  },
  "campusPrefs": {
    "container": "preferencesSection",
    "subcontainer": "00030",
    "row": 6.4,
    "height": 6,
    "width": 6,
    "stackPosition": {
      "object": {
        "ordinal": 1,
        "widthType": "fixed",
        "width": 0,
        "height": 0
      }
    }
  },
  "campusSetting": {
    "container": "campusPrefs",
    "subcontainer": "00030",
    "row": 2.4,
    "height": 0.2,
    "width": 12,
    "stackPosition": {
      "object": {
        "ordinal": 1,
        "widthType": "fixed",
        "width": 0,
        "height": 0
      }
    }
  },
  "closeCompareButton": {
    "rowGroup": "footer",
    "subcontainer": "compareModal",
    "col": 8,
    "height": 1,
    "width": 4
  },
  "compareModalTitle": {
    "rowGroup": "header",
    "subcontainer": "compareModal",
    "height": 1.2,
    "width": 12
  },
  "compareSelectedButton": {
    "container": "resultsSection",
    "rowGroup": "header",
    "subcontainer": "00030",
    "row": 0.6,
    "col": 8,
    "height": 1,
    "width": 4
  },
  "comparisonText": {
    "subcontainer": "compareModal",
    "height": 16,
    "width": 12
  },
  "costRange": {
    "container": "financialPrefs",
    "subcontainer": "00030",
    "row": 0.4,
    "height": 0.6,
    "width": 12,
    "stackPosition": {
      "object": {
        "ordinal": 0,
        "widthType": "fixed",
        "width": 0,
        "height": 0
      }
    }
  },
  "distanceFromHome": {
    "container": "locationPrefs",
    "subcontainer": "00030",
    "row": 2.4,
    "height": 0.2,
    "width": 12,
    "stackPosition": {
      "object": {
        "ordinal": 0,
        "widthType": "fixed",
        "width": 0,
        "height": 0
      }
    }
  },
  "financialHeader": {
    "container": "financialPrefs",
    "rowGroup": "header",
    "subcontainer": "00030",
    "height": 1,
    "width": 12
  },
  "financialPrefs": {
    "container": "preferencesSection",
    "subcontainer": "00030",
    "col": 6,
    "height": 6.4,
    "width": 6,
    "stackPosition": {
      "object": {
        "ordinal": 2,
        "widthType": "fixed",
        "width": 0,
        "height": 0
      }
    }
  },
  "findMatchesButton": {
    "row": 29.2,
    "col": 4,
    "height": 1,
    "width": 4
  },
  "fitResultsTable": {
    "container": "resultsSection",
    "subcontainer": "00030",
    "height": 9.2,
    "width": 12,
    "stackPosition": {
      "object": {
        "ordinal": 0,
        "widthType": "fixed",
        "width": 0,
        "height": 0
      }
    }
  },
  "locationHeader": {
    "container": "locationPrefs",
    "rowGroup": "header",
    "subcontainer": "00030",
    "height": 1,
    "width": 12
  },
  "locationPrefs": {
    "container": "preferencesSection",
    "subcontainer": "00030",
    "row": 6.4,
    "col": 6,
    "height": 6,
    "width": 6,
    "stackPosition": {
      "object": {
        "ordinal": 0,
        "widthType": "fixed",
        "width": 0,
        "height": 0
      }
    }
  },
  "majorInterests": {
    "container": "academicPrefs",
    "subcontainer": "00030",
    "row": 0.4,
    "height": 0.2,
    "width": 12,
    "stackPosition": {
      "object": {
        "ordinal": 2,
        "widthType": "fixed",
        "width": 0,
        "height": 0
      }
    }
  },
  "needAidSwitch": {
    "container": "financialPrefs",
    "subcontainer": "00030",
    "row": 2.4,
    "height": 0.6,
    "width": 12,
    "stackPosition": {
      "object": {
        "ordinal": 1,
        "widthType": "fixed",
        "width": 0,
        "height": 0
      }
    }
  },
  "pageSubtitleCFA": {
    "row": 2,
    "height": 0.8,
    "width": 12
  },
  "pageTitleCFA": {
    "row": 0.4,
    "height": 1.6,
    "width": 12
  },
  "preferencesHeader": {
    "container": "preferencesSection",
    "rowGroup": "header",
    "subcontainer": "00030",
    "height": 1.2,
    "width": 12
  },
  "preferencesSection": {
    "row": 3.2,
    "height": 14.4,
    "width": 12
  },
  "regionPreference": {
    "container": "locationPrefs",
    "subcontainer": "00030",
    "row": 0.4,
    "height": 0.2,
    "width": 12,
    "stackPosition": {
      "object": {
        "ordinal": 1,
        "widthType": "fixed",
        "width": 0,
        "height": 0
      }
    }
  },
  "resultsDivider": {
    "row": 30.8,
    "height": 0.2,
    "width": 12
  },
  "resultsHeader": {
    "container": "resultsSection",
    "rowGroup": "header",
    "subcontainer": "00030",
    "height": 1.2,
    "width": 8
  },
  "resultsSection": {
    "row": 17.6,
    "height": 11.6,
    "width": 12,
    "stackPosition": {
      "object": {
        "ordinal": 0,
        "widthType": "fixed",
        "width": 0,
        "height": 0
      }
    }
  },
  "schoolSize": {
    "container": "campusPrefs",
    "subcontainer": "00030",
    "row": 0.4,
    "height": 0.2,
    "width": 12,
    "stackPosition": {
      "object": {
        "ordinal": 0,
        "widthType": "fixed",
        "width": 0,
        "height": 0
      }
    }
  }
}
