{
  "ecMyActivitiesSection": {
    "row": 24.4,
    "height": 10,
    "width": 12
  },
  "ecPageSubtitle": {
    "row": 2,
    "height": 1.2,
    "width": 12
  },
  "ecPageTitle": {
    "row": 0.4,
    "height": 1.6,
    "width": 12
  },
  "ecProfileSection": {
    "row": 7.6,
    "height": 4,
    "width": 12
  },
  "ecRecommendationsSection": {
    "row": 12,
    "height": 12,
    "width": 12,
    "stackPosition": {
      "object": {
        "ordinal": 0,
        "widthType": "fixed",
        "width": 0,
        "height": 0
      }
    }
  },
  "ecSearchFilterSection": {
    "row": 3.6,
    "height": 3.6,
    "width": 12,
    "stackPosition": {
      "object": {
        "ordinal": 0,
        "widthType": "fixed",
        "width": 0,
        "height": 0
      }
    }
  }
}
