{
  "avatar1": {
    "rowGroup": "footer",
    "subcontainer": "sidebarFrame1",
    "height": 0.2,
    "width": 1
  },
  "button1": {
    "subcontainer": "sidebarFrame1",
    "row": 1,
    "height": 1,
    "width": 1
  },
  "button10": {
    "subcontainer": "sidebarFrame1",
    "row": 10,
    "height": 1,
    "width": 1
  },
  "button11": {
    "subcontainer": "sidebarFrame1",
    "row": 11,
    "height": 1,
    "width": 1
  },
  "button12": {
    "subcontainer": "sidebarFrame1",
    "row": 12,
    "height": 1,
    "width": 1
  },
  "button2": {
    "subcontainer": "sidebarFrame1",
    "row": 2,
    "height": 1,
    "width": 1
  },
  "button3": {
    "subcontainer": "sidebarFrame1",
    "row": 3,
    "height": 1,
    "width": 1
  },
  "button4": {
    "subcontainer": "sidebarFrame1",
    "row": 4,
    "height": 1,
    "width": 1
  },
  "button5": {
    "subcontainer": "sidebarFrame1",
    "row": 5,
    "height": 1,
    "width": 1
  },
  "button6": {
    "subcontainer": "sidebarFrame1",
    "row": 6,
    "height": 1,
    "width": 1
  },
  "button7": {
    "subcontainer": "sidebarFrame1",
    "row": 7,
    "height": 1,
    "width": 1
  },
  "button8": {
    "subcontainer": "sidebarFrame1",
    "row": 8,
    "height": 1,
    "width": 1
  },
  "button9": {
    "subcontainer": "sidebarFrame1",
    "row": 9,
    "height": 1,
    "width": 1
  },
  "image1": {
    "rowGroup": "header",
    "subcontainer": "sidebarFrame1",
    "row": 0.6,
    "height": 1,
    "width": 1
  },
  "sidebarTitle": {
    "rowGroup": "header",
    "subcontainer": "sidebarFrame1",
    "height": 1.6,
    "width": 1
  },
  "url1": {
    "subcontainer": "sidebarFrame1",
    "row": 27,
    "height": 0.2,
    "width": 1
  }
}
