{
  "assessmentHeaderMM": {
    "container": "assessmentSection",
    "rowGroup": "header",
    "subcontainer": "00030",
    "height": 1.2,
    "width": 12
  },
  "assessmentSection": {
    "row": 3.2,
    "height": 16,
    "width": 12,
    "stackPosition": {
      "object": {
        "ordinal": 0,
        "widthType": "fixed",
        "width": 0,
        "height": 0
      }
    }
  },
  "careerGoalsInput": {
    "container": "goalsGroup",
    "subcontainer": "00030",
    "row": 0.4,
    "height": 1,
    "width": 12,
    "stackPosition": {
      "object": {
        "ordinal": 0,
        "widthType": "fixed",
        "width": 0,
        "height": 0
      }
    }
  },
  "closeCompareButtonMM": {
    "rowGroup": "footer",
    "subcontainer": "compareModalMM",
    "col": 8,
    "height": 1,
    "width": 4
  },
  "closeMajorDetailButton": {
    "rowGroup": "footer",
    "subcontainer": "majorDetailModal",
    "col": 8,
    "height": 1,
    "width": 4
  },
  "compareMajorsButton": {
    "container": "resultsSectionMM",
    "rowGroup": "header",
    "subcontainer": "00030",
    "row": 0.6,
    "col": 8,
    "height": 1,
    "width": 4
  },
  "compareModalTitleMM": {
    "rowGroup": "header",
    "subcontainer": "compareModalMM",
    "height": 1.2,
    "width": 12
  },
  "comparisonContentMM": {
    "subcontainer": "compareModalMM",
    "height": 16,
    "width": 12
  },
  "findMajorsButton": {
    "row": 31.4,
    "col": 4,
    "height": 1,
    "width": 4
  },
  "goalsGroup": {
    "container": "assessmentSection",
    "subcontainer": "00030",
    "row": 8.4,
    "height": 5.2,
    "width": 12,
    "stackPosition": {
      "object": {
        "ordinal": 2,
        "widthType": "fixed",
        "width": 0,
        "height": 0
      }
    }
  },
  "goalsHeaderMM": {
    "container": "goalsGroup",
    "rowGroup": "header",
    "subcontainer": "00030",
    "height": 1,
    "width": 12
  },
  "interestsGroup": {
    "container": "assessmentSection",
    "subcontainer": "00030",
    "height": 4,
    "width": 6,
    "stackPosition": {
      "object": {
        "ordinal": 0,
        "widthType": "fixed",
        "width": 0,
        "height": 0
      }
    }
  },
  "interestsHeaderMM": {
    "container": "interestsGroup",
    "rowGroup": "header",
    "subcontainer": "00030",
    "height": 1,
    "width": 12
  },
  "interestsSelectMM": {
    "container": "interestsGroup",
    "subcontainer": "00030",
    "row": 0.4,
    "height": 0.2,
    "width": 12,
    "stackPosition": {
      "object": {
        "ordinal": 0,
        "widthType": "fixed",
        "width": 0,
        "height": 0
      }
    }
  },
  "majorDetailContent": {
    "subcontainer": "majorDetailModal",
    "height": 16,
    "width": 12
  },
  "majorDetailTitle": {
    "rowGroup": "header",
    "subcontainer": "majorDetailModal",
    "height": 1.2,
    "width": 12
  },
  "majorsResultsTable": {
    "container": "resultsSectionMM",
    "subcontainer": "00030",
    "height": 9.6,
    "width": 12,
    "stackPosition": {
      "object": {
        "ordinal": 0,
        "widthType": "fixed",
        "width": 0,
        "height": 0
      }
    }
  },
  "pageSubtitleMM": {
    "row": 2,
    "height": 0.8,
    "width": 12
  },
  "pageTitleMM": {
    "row": 0.4,
    "height": 1.6,
    "width": 12
  },
  "resultsDividerMM": {
    "row": 31.2,
    "height": 0.2,
    "width": 12
  },
  "resultsHeaderMM": {
    "container": "resultsSectionMM",
    "rowGroup": "header",
    "subcontainer": "00030",
    "height": 1.2,
    "width": 8
  },
  "resultsSectionMM": {
    "row": 19.2,
    "height": 12,
    "width": 12
  },
  "skillsGroup": {
    "container": "assessmentSection",
    "subcontainer": "00030",
    "col": 6,
    "height": 4,
    "width": 6,
    "stackPosition": {
      "object": {
        "ordinal": 3,
        "widthType": "fixed",
        "width": 0,
        "height": 0
      }
    }
  },
  "skillsHeaderMM": {
    "container": "skillsGroup",
    "rowGroup": "header",
    "subcontainer": "00030",
    "height": 1,
    "width": 12
  },
  "skillsSelectMM": {
    "container": "skillsGroup",
    "subcontainer": "00030",
    "row": 0.4,
    "height": 0.2,
    "width": 12,
    "stackPosition": {
      "object": {
        "ordinal": 0,
        "widthType": "fixed",
        "width": 0,
        "height": 0
      }
    }
  },
  "subjectsGroup": {
    "container": "assessmentSection",
    "subcontainer": "00030",
    "row": 4.4,
    "height": 4,
    "width": 6,
    "stackPosition": {
      "object": {
        "ordinal": 1,
        "widthType": "fixed",
        "width": 0,
        "height": 0
      }
    }
  },
  "subjectsHeaderMM": {
    "container": "subjectsGroup",
    "rowGroup": "header",
    "subcontainer": "00030",
    "height": 1,
    "width": 12
  },
  "subjectsSelectMM": {
    "container": "subjectsGroup",
    "subcontainer": "00030",
    "row": 0.4,
    "height": 0.2,
    "width": 12,
    "stackPosition": {
      "object": {
        "ordinal": 0,
        "widthType": "fixed",
        "width": 0,
        "height": 0
      }
    }
  },
  "workStyleGroup": {
    "container": "assessmentSection",
    "subcontainer": "00030",
    "row": 4.4,
    "col": 6,
    "height": 4,
    "width": 6,
    "stackPosition": {
      "object": {
        "ordinal": 4,
        "widthType": "fixed",
        "width": 0,
        "height": 0
      }
    }
  },
  "workStyleHeaderMM": {
    "container": "workStyleGroup",
    "rowGroup": "header",
    "subcontainer": "00030",
    "height": 1,
    "width": 12
  },
  "workStyleSelect": {
    "container": "workStyleGroup",
    "subcontainer": "00030",
    "row": 0.4,
    "height": 0.2,
    "width": 12,
    "stackPosition": {
      "object": {
        "ordinal": 0,
        "widthType": "fixed",
        "width": 0,
        "height": 0
      }
    }
  }
}
