{
  "aboutBio": {
    "container": "aboutView",
    "subcontainer": "00030",
    "row": 2.4,
    "height": 1,
    "width": 12,
    "stackPosition": {
      "object": {
        "ordinal": 5,
        "widthType": "fixed",
        "width": 0,
        "height": 0
      }
    }
  },
  "aboutEmail": {
    "container": "aboutView",
    "subcontainer": "00030",
    "row": 3.4,
    "col": 6,
    "height": 0.2,
    "width": 6,
    "stackPosition": {
      "object": {
        "ordinal": 2,
        "widthType": "fixed",
        "width": 0,
        "height": 0
      }
    }
  },
  "aboutGrade": {
    "container": "aboutView",
    "subcontainer": "00030",
    "row": 3.6,
    "height": 0.2,
    "stackPosition": {
      "object": {
        "ordinal": 4,
        "widthType": "fixed",
        "width": 0,
        "height": 0
      }
    }
  },
  "aboutName": {
    "container": "aboutView",
    "subcontainer": "00030",
    "row": 3.4,
    "height": 0.2,
    "width": 6,
    "stackPosition": {
      "object": {
        "ordinal": 1,
        "widthType": "fixed",
        "width": 0,
        "height": 0
      }
    }
  },
  "aboutSave": {
    "container": "aboutView",
    "subcontainer": "00030",
    "row": 3.6,
    "col": 9,
    "height": 1,
    "stackPosition": {
      "object": {
        "ordinal": 3,
        "widthType": "fixed",
        "width": 0,
        "height": 0
      }
    }
  },
  "aboutSchool": {
    "container": "aboutView",
    "subcontainer": "00030",
    "row": 3.6,
    "col": 3,
    "height": 0.2,
    "width": 6,
    "stackPosition": {
      "object": {
        "ordinal": 0,
        "widthType": "fixed",
        "width": 0,
        "height": 0
      }
    }
  },
  "aboutSubtitle": {
    "container": "aboutView",
    "subcontainer": "00030",
    "row": 0.6,
    "height": 0.6,
    "width": 12,
    "stackPosition": {
      "object": {
        "ordinal": 7,
        "widthType": "fixed",
        "width": 0,
        "height": 0
      }
    }
  },
  "aboutTitle": {
    "container": "aboutView",
    "subcontainer": "00030",
    "height": 0.6,
    "width": 12,
    "stackPosition": {
      "object": {
        "ordinal": 6,
        "widthType": "fixed",
        "width": 0,
        "height": 0
      }
    }
  },
  "aboutView": {
    "row": 355.8,
    "height": 8,
    "width": 12,
    "stackPosition": {
      "object": {
        "ordinal": 0,
        "widthType": "fixed",
        "width": 0,
        "height": 0
      }
    }
  },
  "addExperienceButton": {
    "container": "resumeView",
    "subcontainer": "00030",
    "row": 1.2,
    "col": 9,
    "height": 1,
    "stackPosition": {
      "object": {
        "ordinal": 6,
        "widthType": "fixed",
        "width": 0,
        "height": 0
      }
    }
  },
  "addProjectButton": {
    "container": "projectsView",
    "subcontainer": "00030",
    "row": 0.6,
    "col": 9,
    "height": 1,
    "stackPosition": {
      "object": {
        "ordinal": 4,
        "widthType": "fixed",
        "width": 0,
        "height": 0
      }
    }
  },
  "advisorQuestion": {
    "container": "aiAdvisorSection",
    "subcontainer": "00030",
    "height": 1,
    "width": 12,
    "stackPosition": {
      "object": {
        "ordinal": 0,
        "widthType": "fixed",
        "width": 0,
        "height": 0
      }
    }
  },
  "aiAdvisorRoadmap": {
    "container": "roadmapView",
    "subcontainer": "00030",
    "row": 21.2,
    "height": 1,
    "width": 12,
    "stackPosition": {
      "object": {
        "ordinal": 5,
        "widthType": "fixed",
        "width": 0,
        "height": 0
      }
    }
  },
  "aiAdvisorSection": {
    "row": 278.2,
    "height": 8.4,
    "width": 12,
    "stackPosition": {
      "object": {
        "ordinal": 0,
        "widthType": "fixed",
        "width": 0,
        "height": 0
      }
    }
  },
  "aiAdvisorTitle": {
    "container": "aiAdvisorSection",
    "rowGroup": "header",
    "subcontainer": "00030",
    "height": 1.2,
    "width": 9
  },
  "appHubView": {
    "row": 315.8,
    "height": 40,
    "width": 12,
    "stackPosition": {
      "object": {
        "ordinal": 0,
        "widthType": "fixed",
        "width": 0,
        "height": 0
      }
    }
  },
  "askAdvisorButton": {
    "container": "aiAdvisorSection",
    "rowGroup": "header",
    "subcontainer": "00030",
    "col": 9,
    "height": 1
  },
  "bestFitSchoolsSection": {
    "row": 268.2,
    "height": 10,
    "width": 6,
    "stackPosition": {
      "object": {
        "ordinal": 0,
        "widthType": "fixed",
        "width": 0,
        "height": 0
      }
    }
  },
  "bestFitTable": {
    "container": "bestFitSchoolsSection",
    "subcontainer": "00030",
    "height": 7.6,
    "width": 12,
    "stackPosition": {
      "object": {
        "ordinal": 0,
        "widthType": "fixed",
        "width": 0,
        "height": 0
      }
    }
  },
  "bestFitTitle": {
    "container": "bestFitSchoolsSection",
    "rowGroup": "header",
    "subcontainer": "00030",
    "height": 1.2,
    "width": 12
  },
  "cancelTaskButton": {
    "rowGroup": "footer",
    "subcontainer": "taskDetailModal",
    "col": 6,
    "height": 1
  },
  "classSizeSelect": {
    "container": "fitFilters",
    "subcontainer": "00030",
    "col": 6,
    "height": 0.2,
    "width": 6,
    "stackPosition": {
      "object": {
        "ordinal": 3,
        "widthType": "fixed",
        "width": 0,
        "height": 0
      }
    }
  },
  "closeDrawerButton": {
    "rowGroup": "footer",
    "subcontainer": "schoolDetailDrawer",
    "col": 8,
    "height": 1,
    "width": 4
  },
  "closeSchoolDrawer": {
    "rowGroup": "header",
    "subcontainer": "schoolDetailDrawer",
    "col": 10,
    "height": 1,
    "width": 2
  },
  "closeTaskModal": {
    "rowGroup": "header",
    "subcontainer": "taskDetailModal",
    "col": 10,
    "height": 1,
    "width": 2
  },
  "coalitionPB": {
    "container": "progressBars",
    "subcontainer": "00030",
    "row": 4.4,
    "height": 0.4,
    "width": 12,
    "stackPosition": {
      "object": {
        "ordinal": 2,
        "widthType": "fixed",
        "width": 0,
        "height": 0
      }
    }
  },
  "coalitionProgress": {
    "container": "essayProgressSection",
    "subcontainer": "00030",
    "row": 3.2,
    "height": 0.4,
    "width": 12,
    "stackPosition": {
      "object": {
        "ordinal": 2,
        "widthType": "fixed",
        "width": 0,
        "height": 0
      }
    }
  },
  "commonAppPB": {
    "container": "progressBars",
    "subcontainer": "00030",
    "row": 0.4,
    "height": 0.4,
    "width": 12,
    "stackPosition": {
      "object": {
        "ordinal": 3,
        "widthType": "fixed",
        "width": 0,
        "height": 0
      }
    }
  },
  "commonAppProgress": {
    "container": "essayProgressSection",
    "subcontainer": "00030",
    "height": 0.4,
    "width": 12,
    "stackPosition": {
      "object": {
        "ordinal": 3,
        "widthType": "fixed",
        "width": 0,
        "height": 0
      }
    }
  },
  "compareButton": {
    "container": "fitView",
    "subcontainer": "00030",
    "row": 20.4,
    "col": 9,
    "height": 1,
    "stackPosition": {
      "object": {
        "ordinal": 0,
        "widthType": "fixed",
        "width": 0,
        "height": 0
      }
    }
  },
  "costRangeSlider": {
    "container": "fitFilters",
    "subcontainer": "00030",
    "height": 0.6,
    "width": 6,
    "stackPosition": {
      "object": {
        "ordinal": 0,
        "widthType": "fixed",
        "width": 0,
        "height": 0
      }
    }
  },
  "dashboardView": {
    "row": 0.2,
    "height": 38,
    "width": 12,
    "stackPosition": {
      "object": {
        "ordinal": 0,
        "widthType": "fixed",
        "width": 0,
        "height": 0
      }
    }
  },
  "deadlinesStat": {
    "container": "metricsSection",
    "subcontainer": "00030",
    "col": 9,
    "height": 0.8,
    "stackPosition": {
      "object": {
        "ordinal": 2,
        "widthType": "fixed",
        "width": 0,
        "height": 0
      }
    }
  },
  "diversitySwitch": {
    "container": "fitFilters",
    "subcontainer": "00030",
    "row": 2,
    "height": 0.6,
    "width": 6,
    "stackPosition": {
      "object": {
        "ordinal": 1,
        "widthType": "fixed",
        "width": 0,
        "height": 0
      }
    }
  },
  "docsTable": {
    "container": "docsView",
    "subcontainer": "00030",
    "row": 1.6,
    "height": 10,
    "width": 12,
    "stackPosition": {
      "object": {
        "ordinal": 1,
        "widthType": "fixed",
        "width": 0,
        "height": 0
      }
    }
  },
  "docsTitle": {
    "container": "docsView",
    "subcontainer": "00030",
    "height": 1.2,
    "width": 12,
    "stackPosition": {
      "object": {
        "ordinal": 2,
        "widthType": "fixed",
        "width": 0,
        "height": 0
      }
    }
  },
  "docsUploadButton": {
    "container": "docsView",
    "subcontainer": "00030",
    "row": 0.6,
    "col": 9,
    "height": 1,
    "stackPosition": {
      "object": {
        "ordinal": 0,
        "widthType": "fixed",
        "width": 0,
        "height": 0
      }
    }
  },
  "docsView": {
    "row": 38.2,
    "height": 24,
    "width": 12,
    "stackPosition": {
      "object": {
        "ordinal": 0,
        "widthType": "fixed",
        "width": 0,
        "height": 0
      }
    }
  },
  "ecsTable": {
    "container": "ecsView",
    "subcontainer": "00030",
    "row": 1.6,
    "height": 10,
    "width": 12,
    "stackPosition": {
      "object": {
        "ordinal": 0,
        "widthType": "fixed",
        "width": 0,
        "height": 0
      }
    }
  },
  "ecsTitle": {
    "container": "ecsView",
    "subcontainer": "00030",
    "height": 1.2,
    "width": 12,
    "stackPosition": {
      "object": {
        "ordinal": 1,
        "widthType": "fixed",
        "width": 0,
        "height": 0
      }
    }
  },
  "ecsView": {
    "row": 86.2,
    "height": 24,
    "width": 12,
    "stackPosition": {
      "object": {
        "ordinal": 0,
        "widthType": "fixed",
        "width": 0,
        "height": 0
      }
    }
  },
  "essayHubTabs": {
    "row": 287.8,
    "height": 28,
    "width": 12,
    "stackPosition": {
      "object": {
        "ordinal": 0,
        "widthType": "fixed",
        "width": 0,
        "height": 0
      }
    }
  },
  "essayProgressSection": {
    "row": 258.2,
    "col": 6,
    "height": 10,
    "width": 6,
    "stackPosition": {
      "object": {
        "ordinal": 0,
        "widthType": "fixed",
        "width": 0,
        "height": 0
      }
    }
  },
  "essayProgressTitle": {
    "container": "essayProgressSection",
    "rowGroup": "header",
    "subcontainer": "00030",
    "height": 1.2,
    "width": 12
  },
  "essaysStat": {
    "container": "metricsSection",
    "subcontainer": "00030",
    "col": 3,
    "height": 0.8,
    "stackPosition": {
      "object": {
        "ordinal": 3,
        "widthType": "fixed",
        "width": 0,
        "height": 0
      }
    }
  },
  "experiencesTable": {
    "container": "resumeView",
    "subcontainer": "00030",
    "row": 2.2,
    "height": 8,
    "width": 12,
    "stackPosition": {
      "object": {
        "ordinal": 4,
        "widthType": "fixed",
        "width": 0,
        "height": 0
      }
    }
  },
  "exportResumeButton": {
    "container": "resumeView",
    "subcontainer": "00030",
    "row": 10.2,
    "col": 9,
    "height": 1,
    "stackPosition": {
      "object": {
        "ordinal": 3,
        "widthType": "fixed",
        "width": 0,
        "height": 0
      }
    }
  },
  "fitFilters": {
    "container": "fitView",
    "subcontainer": "00030",
    "row": 15.6,
    "height": 4.8,
    "width": 12,
    "stackPosition": {
      "object": {
        "ordinal": 2,
        "widthType": "fixed",
        "width": 0,
        "height": 0
      }
    }
  },
  "fitScore": {
    "subcontainer": "schoolDetailDrawer",
    "row": 2,
    "height": 0.8,
    "width": 12
  },
  "fitScoreDetails": {
    "container": "fitView",
    "subcontainer": "00030",
    "row": 21.4,
    "height": 6,
    "width": 12,
    "stackPosition": {
      "object": {
        "ordinal": 5,
        "widthType": "fixed",
        "width": 0,
        "height": 0
      }
    }
  },
  "fitSubtitle": {
    "container": "fitView",
    "subcontainer": "00030",
    "row": 0.6,
    "height": 0.8,
    "width": 12,
    "stackPosition": {
      "object": {
        "ordinal": 1,
        "widthType": "fixed",
        "width": 0,
        "height": 0
      }
    }
  },
  "fitTitle": {
    "container": "fitView",
    "subcontainer": "00030",
    "height": 1.2,
    "width": 12,
    "stackPosition": {
      "object": {
        "ordinal": 4,
        "widthType": "fixed",
        "width": 0,
        "height": 0
      }
    }
  },
  "fitView": {
    "row": 186.2,
    "height": 24,
    "width": 12,
    "stackPosition": {
      "object": {
        "ordinal": 0,
        "widthType": "fixed",
        "width": 0,
        "height": 0
      }
    }
  },
  "generateBulletButton": {
    "container": "resumeView",
    "subcontainer": "00030",
    "row": 10.2,
    "col": 6,
    "height": 1,
    "stackPosition": {
      "object": {
        "ordinal": 1,
        "widthType": "fixed",
        "width": 0,
        "height": 0
      }
    }
  },
  "gradeSelector": {
    "container": "roadmapView",
    "subcontainer": "00030",
    "row": 2.4,
    "height": 0.2,
    "stackPosition": {
      "object": {
        "ordinal": 2,
        "widthType": "fixed",
        "width": 0,
        "height": 0
      }
    }
  },
  "impactTracker": {
    "container": "projectsView",
    "subcontainer": "00030",
    "row": 19.2,
    "height": 6,
    "width": 12,
    "stackPosition": {
      "object": {
        "ordinal": 2,
        "widthType": "fixed",
        "width": 0,
        "height": 0
      }
    }
  },
  "interdisciplinarySwitch": {
    "container": "fitFilters",
    "subcontainer": "00030",
    "row": 2,
    "col": 6,
    "height": 0.6,
    "width": 6,
    "stackPosition": {
      "object": {
        "ordinal": 2,
        "widthType": "fixed",
        "width": 0,
        "height": 0
      }
    }
  },
  "interestsInput": {
    "container": "majorsView",
    "subcontainer": "00030",
    "row": 2.4,
    "height": 0.2,
    "width": 6,
    "stackPosition": {
      "object": {
        "ordinal": 1,
        "widthType": "fixed",
        "width": 0,
        "height": 0
      }
    }
  },
  "majorDetails": {
    "container": "majorsView",
    "subcontainer": "00030",
    "row": 14,
    "height": 6,
    "width": 12,
    "stackPosition": {
      "object": {
        "ordinal": 6,
        "widthType": "fixed",
        "width": 0,
        "height": 0
      }
    }
  },
  "majorsResultsCards": {
    "container": "majorsView",
    "subcontainer": "00030",
    "row": 5.6,
    "height": 8,
    "width": 12,
    "stackPosition": {
      "object": {
        "ordinal": 3,
        "widthType": "fixed",
        "width": 0,
        "height": 0
      }
    }
  },
  "majorsSubtitle": {
    "container": "majorsView",
    "subcontainer": "00030",
    "row": 0.6,
    "height": 0.8,
    "width": 12,
    "stackPosition": {
      "object": {
        "ordinal": 5,
        "widthType": "fixed",
        "width": 0,
        "height": 0
      }
    }
  },
  "majorsTitle": {
    "container": "majorsView",
    "subcontainer": "00030",
    "height": 1.2,
    "width": 12,
    "stackPosition": {
      "object": {
        "ordinal": 2,
        "widthType": "fixed",
        "width": 0,
        "height": 0
      }
    }
  },
  "majorsView": {
    "row": 162.2,
    "height": 24,
    "width": 12,
    "stackPosition": {
      "object": {
        "ordinal": 0,
        "widthType": "fixed",
        "width": 0,
        "height": 0
      }
    }
  },
  "matchButton": {
    "container": "majorsView",
    "subcontainer": "00030",
    "row": 2.6,
    "col": 9,
    "height": 1,
    "stackPosition": {
      "object": {
        "ordinal": 4,
        "widthType": "fixed",
        "width": 0,
        "height": 0
      }
    }
  },
  "metricsSection": {
    "container": "dashboardView",
    "subcontainer": "00030",
    "row": 1.2,
    "height": 7.6,
    "width": 12,
    "stackPosition": {
      "object": {
        "ordinal": 0,
        "widthType": "fixed",
        "width": 0,
        "height": 0
      }
    }
  },
  "milestonesList": {
    "container": "progressKpis",
    "subcontainer": "00030",
    "row": 1.2,
    "height": 1.2,
    "width": 12,
    "stackPosition": {
      "object": {
        "ordinal": 1,
        "widthType": "fixed",
        "width": 0,
        "height": 0
      }
    }
  },
  "milestonesTitle": {
    "container": "progressKpis",
    "subcontainer": "00030",
    "height": 0.6,
    "width": 12,
    "stackPosition": {
      "object": {
        "ordinal": 0,
        "widthType": "fixed",
        "width": 0,
        "height": 0
      }
    }
  },
  "pageSubtitle": {
    "container": "dashboardView",
    "subcontainer": "00030",
    "row": 0.6,
    "height": 1,
    "width": 12,
    "stackPosition": {
      "object": {
        "ordinal": 1,
        "widthType": "fixed",
        "width": 0,
        "height": 0
      }
    }
  },
  "pageTitle": {
    "container": "dashboardView",
    "subcontainer": "00030",
    "row": 0,
    "height": 2.4,
    "width": 12,
    "stackPosition": {
      "object": {
        "ordinal": 2,
        "widthType": "fixed",
        "width": 0,
        "height": 0
      }
    }
  },
  "progressBars": {
    "container": "progressView",
    "subcontainer": "00030",
    "row": 2.4,
    "height": 8,
    "width": 6,
    "stackPosition": {
      "object": {
        "ordinal": 1,
        "widthType": "fixed",
        "width": 0,
        "height": 0
      }
    }
  },
  "progressKpis": {
    "container": "progressView",
    "subcontainer": "00030",
    "row": 2.4,
    "col": 6,
    "height": 8,
    "width": 6,
    "stackPosition": {
      "object": {
        "ordinal": 0,
        "widthType": "fixed",
        "width": 0,
        "height": 0
      }
    }
  },
  "progressStat": {
    "container": "metricsSection",
    "subcontainer": "00030",
    "height": 0.8,
    "stackPosition": {
      "object": {
        "ordinal": 0,
        "widthType": "fixed",
        "width": 0,
        "height": 0
      }
    }
  },
  "progressSubtitle": {
    "container": "progressView",
    "subcontainer": "00030",
    "row": 0.6,
    "height": 0.6,
    "width": 12,
    "stackPosition": {
      "object": {
        "ordinal": 2,
        "widthType": "fixed",
        "width": 0,
        "height": 0
      }
    }
  },
  "progressTitle": {
    "container": "progressView",
    "subcontainer": "00030",
    "height": 1.2,
    "width": 12,
    "stackPosition": {
      "object": {
        "ordinal": 3,
        "widthType": "fixed",
        "width": 0,
        "height": 0
      }
    }
  },
  "progressView": {
    "row": 110.2,
    "height": 24,
    "width": 12,
    "stackPosition": {
      "object": {
        "ordinal": 0,
        "widthType": "fixed",
        "width": 0,
        "height": 0
      }
    }
  },
  "projectGuide": {
    "container": "projectsView",
    "subcontainer": "00030",
    "row": 11.2,
    "height": 8,
    "width": 12,
    "stackPosition": {
      "object": {
        "ordinal": 3,
        "widthType": "fixed",
        "width": 0,
        "height": 0
      }
    }
  },
  "projectsSubtitle": {
    "container": "projectsView",
    "subcontainer": "00030",
    "row": 2.4,
    "height": 0.8,
    "width": 12,
    "stackPosition": {
      "object": {
        "ordinal": 1,
        "widthType": "fixed",
        "width": 0,
        "height": 0
      }
    }
  },
  "projectsTable": {
    "container": "projectsView",
    "subcontainer": "00030",
    "row": 3.2,
    "height": 8,
    "width": 12,
    "stackPosition": {
      "object": {
        "ordinal": 5,
        "widthType": "fixed",
        "width": 0,
        "height": 0
      }
    }
  },
  "projectsTitle": {
    "container": "projectsView",
    "subcontainer": "00030",
    "height": 1.2,
    "width": 12,
    "stackPosition": {
      "object": {
        "ordinal": 0,
        "widthType": "fixed",
        "width": 0,
        "height": 0
      }
    }
  },
  "projectsView": {
    "row": 134.2,
    "height": 28,
    "width": 12,
    "stackPosition": {
      "object": {
        "ordinal": 0,
        "widthType": "fixed",
        "width": 0,
        "height": 0
      }
    }
  },
  "questbridgePB": {
    "container": "progressBars",
    "subcontainer": "00030",
    "row": 6.4,
    "height": 0.4,
    "width": 12,
    "stackPosition": {
      "object": {
        "ordinal": 1,
        "widthType": "fixed",
        "width": 0,
        "height": 0
      }
    }
  },
  "questbridgeProgress": {
    "container": "essayProgressSection",
    "subcontainer": "00030",
    "row": 4.8,
    "height": 0.4,
    "width": 12,
    "stackPosition": {
      "object": {
        "ordinal": 1,
        "widthType": "fixed",
        "width": 0,
        "height": 0
      }
    }
  },
  "resumePreview": {
    "container": "resumeView",
    "subcontainer": "00030",
    "row": 11.2,
    "height": 1,
    "width": 12,
    "stackPosition": {
      "object": {
        "ordinal": 5,
        "widthType": "fixed",
        "width": 0,
        "height": 0
      }
    }
  },
  "resumeSubtitle": {
    "container": "resumeView",
    "subcontainer": "00030",
    "row": 0.6,
    "height": 0.8,
    "width": 12,
    "stackPosition": {
      "object": {
        "ordinal": 0,
        "widthType": "fixed",
        "width": 0,
        "height": 0
      }
    }
  },
  "resumeTitle": {
    "container": "resumeView",
    "subcontainer": "00030",
    "height": 1.2,
    "width": 12,
    "stackPosition": {
      "object": {
        "ordinal": 2,
        "widthType": "fixed",
        "width": 0,
        "height": 0
      }
    }
  },
  "resumeView": {
    "row": 210.2,
    "height": 24,
    "width": 12,
    "stackPosition": {
      "object": {
        "ordinal": 0,
        "widthType": "fixed",
        "width": 0,
        "height": 0
      }
    }
  },
  "roadmapSubtitle": {
    "container": "roadmapView",
    "subcontainer": "00030",
    "row": 0.6,
    "height": 0.8,
    "width": 12,
    "stackPosition": {
      "object": {
        "ordinal": 1,
        "widthType": "fixed",
        "width": 0,
        "height": 0
      }
    }
  },
  "roadmapTasksList": {
    "container": "roadmapView",
    "subcontainer": "00030",
    "row": 12.8,
    "height": 8,
    "width": 12,
    "stackPosition": {
      "object": {
        "ordinal": 4,
        "widthType": "fixed",
        "width": 0,
        "height": 0
      }
    }
  },
  "roadmapTimeline": {
    "container": "roadmapView",
    "subcontainer": "00030",
    "row": 4.4,
    "height": 8,
    "width": 12,
    "stackPosition": {
      "object": {
        "ordinal": 3,
        "widthType": "fixed",
        "width": 0,
        "height": 0
      }
    }
  },
  "roadmapTitle": {
    "container": "roadmapView",
    "subcontainer": "00030",
    "height": 1.2,
    "width": 12,
    "stackPosition": {
      "object": {
        "ordinal": 0,
        "widthType": "fixed",
        "width": 0,
        "height": 0
      }
    }
  },
  "roadmapView": {
    "row": 234.2,
    "height": 24,
    "width": 12,
    "stackPosition": {
      "object": {
        "ordinal": 0,
        "widthType": "fixed",
        "width": 0,
        "height": 0
      }
    }
  },
  "saveTaskButton": {
    "rowGroup": "footer",
    "subcontainer": "taskDetailModal",
    "col": 9,
    "height": 1
  },
  "scholarshipTable": {
    "container": "scholarshipTrackerSection",
    "subcontainer": "00030",
    "height": 7.6,
    "width": 12,
    "stackPosition": {
      "object": {
        "ordinal": 0,
        "widthType": "fixed",
        "width": 0,
        "height": 0
      }
    }
  },
  "scholarshipTitle": {
    "container": "scholarshipTrackerSection",
    "rowGroup": "header",
    "subcontainer": "00030",
    "height": 1.2,
    "width": 12
  },
  "scholarshipTrackerSection": {
    "row": 268.2,
    "col": 6,
    "height": 10,
    "width": 6
  },
  "scholarshipsTable": {
    "container": "scholarshipsView",
    "subcontainer": "00030",
    "row": 1.6,
    "height": 10,
    "width": 12,
    "stackPosition": {
      "object": {
        "ordinal": 1,
        "widthType": "fixed",
        "width": 0,
        "height": 0
      }
    }
  },
  "scholarshipsTitle": {
    "container": "scholarshipsView",
    "subcontainer": "00030",
    "height": 1.2,
    "width": 12,
    "stackPosition": {
      "object": {
        "ordinal": 0,
        "widthType": "fixed",
        "width": 0,
        "height": 0
      }
    }
  },
  "scholarshipsView": {
    "row": 62.2,
    "height": 24,
    "width": 12
  },
  "schoolDetailTitle": {
    "rowGroup": "header",
    "subcontainer": "schoolDetailDrawer",
    "height": 1.2,
    "width": 10
  },
  "schoolDetails": {
    "subcontainer": "schoolDetailDrawer",
    "row": 4.8,
    "height": 8,
    "width": 12
  },
  "schoolName": {
    "subcontainer": "schoolDetailDrawer",
    "height": 1.6,
    "width": 12
  },
  "schoolsResultsTable": {
    "container": "fitView",
    "subcontainer": "00030",
    "row": 7.6,
    "height": 8,
    "width": 12,
    "stackPosition": {
      "object": {
        "ordinal": 3,
        "widthType": "fixed",
        "width": 0,
        "height": 0
      }
    }
  },
  "schoolsStat": {
    "container": "metricsSection",
    "subcontainer": "00030",
    "col": 6,
    "height": 0.8,
    "stackPosition": {
      "object": {
        "ordinal": 1,
        "widthType": "fixed",
        "width": 0,
        "height": 0
      }
    }
  },
  "skillsInput": {
    "container": "majorsView",
    "subcontainer": "00030",
    "row": 2.4,
    "col": 6,
    "height": 0.2,
    "width": 6,
    "stackPosition": {
      "object": {
        "ordinal": 0,
        "widthType": "fixed",
        "width": 0,
        "height": 0
      }
    }
  },
  "taskDescription": {
    "subcontainer": "taskDetailModal",
    "row": 1.6,
    "height": 4,
    "width": 12
  },
  "taskDetailTitle": {
    "rowGroup": "header",
    "subcontainer": "taskDetailModal",
    "height": 1.2,
    "width": 10
  },
  "taskDueDate": {
    "subcontainer": "taskDetailModal",
    "row": 6,
    "height": 0.2,
    "width": 6
  },
  "taskName": {
    "subcontainer": "taskDetailModal",
    "height": 1.2,
    "width": 12
  },
  "taskStatus": {
    "subcontainer": "taskDetailModal",
    "row": 6,
    "col": 6,
    "height": 0.2,
    "width": 6
  },
  "ucPB": {
    "container": "progressBars",
    "subcontainer": "00030",
    "row": 2.4,
    "height": 0.4,
    "width": 12,
    "stackPosition": {
      "object": {
        "ordinal": 0,
        "widthType": "fixed",
        "width": 0,
        "height": 0
      }
    }
  },
  "ucProgress": {
    "container": "essayProgressSection",
    "subcontainer": "00030",
    "row": 1.6,
    "height": 0.4,
    "width": 12,
    "stackPosition": {
      "object": {
        "ordinal": 0,
        "widthType": "fixed",
        "width": 0,
        "height": 0
      }
    }
  },
  "upcomingTasksSection": {
    "row": 258.2,
    "height": 10,
    "width": 6
  },
  "upcomingTasksTable": {
    "container": "upcomingTasksSection",
    "subcontainer": "00030",
    "height": 7.6,
    "width": 12,
    "stackPosition": {
      "object": {
        "ordinal": 0,
        "widthType": "fixed",
        "width": 0,
        "height": 0
      }
    }
  },
  "upcomingTasksTitle": {
    "container": "upcomingTasksSection",
    "rowGroup": "header",
    "subcontainer": "00030",
    "height": 1.2,
    "width": 12
  },
  "whyUsNotes": {
    "subcontainer": "schoolDetailDrawer",
    "row": 13.2,
    "height": 1,
    "width": 12
  }
}
