{
  "actionSection": {
    "row": 3.6,
    "height": 2,
    "width": 12
  },
  "activeProjectsCount": {
    "container": "impactOverviewSection",
    "subcontainer": "00030",
    "col": 6,
    "height": 0.8,
    "width": 6,
    "stackPosition": {
      "object": {
        "ordinal": 2,
        "widthType": "fixed",
        "width": 0,
        "height": 0
      }
    }
  },
  "addProjectButton2": {
    "container": "actionSection",
    "subcontainer": "00030",
    "height": 1,
    "stackPosition": {
      "object": {
        "ordinal": 2,
        "widthType": "fixed",
        "width": 0,
        "height": 0
      }
    }
  },
  "cancelCreateButton": {
    "rowGroup": "footer",
    "subcontainer": "createProjectModal",
    "height": 1,
    "width": 4
  },
  "cancelEditButton": {
    "rowGroup": "footer",
    "subcontainer": "editProjectModal",
    "height": 1,
    "width": 4
  },
  "challengesInput": {
    "subcontainer": "createProjectModal",
    "row": 11.6,
    "height": 1,
    "width": 12
  },
  "closeDrawerButton2": {
    "rowGroup": "footer",
    "subcontainer": "projectDetailDrawer",
    "col": 8,
    "height": 1,
    "width": 4
  },
  "editChallengesInput": {
    "subcontainer": "editProjectModal",
    "row": 11.6,
    "height": 1,
    "width": 12
  },
  "editFromDrawerButton": {
    "rowGroup": "footer",
    "subcontainer": "projectDetailDrawer",
    "height": 1,
    "width": 4
  },
  "editImpactMetricInput": {
    "subcontainer": "editProjectModal",
    "row": 12.6,
    "col": 6,
    "height": 0.2,
    "width": 6
  },
  "editPeopleReachedInput": {
    "subcontainer": "editProjectModal",
    "row": 7.6,
    "height": 0.2,
    "width": 6
  },
  "editProjectDescriptionInput": {
    "subcontainer": "editProjectModal",
    "row": 2,
    "height": 1,
    "width": 12
  },
  "editProjectNameInput": {
    "subcontainer": "editProjectModal",
    "height": 0.2,
    "width": 12
  },
  "editProjectStageSelect": {
    "subcontainer": "editProjectModal",
    "row": 12.6,
    "height": 0.2,
    "width": 6
  },
  "editProjectStatusSelect": {
    "subcontainer": "editProjectModal",
    "row": 5.6,
    "col": 6,
    "height": 0.2,
    "width": 6
  },
  "editStartDateInput": {
    "subcontainer": "editProjectModal",
    "row": 9.6,
    "height": 0.2,
    "width": 6
  },
  "editTargetEndDateInput": {
    "subcontainer": "editProjectModal",
    "row": 9.6,
    "col": 6,
    "height": 0.2,
    "width": 6
  },
  "filterByStage": {
    "container": "actionSection",
    "subcontainer": "00030",
    "col": 4,
    "height": 0.2,
    "stackPosition": {
      "object": {
        "ordinal": 0,
        "widthType": "fixed",
        "width": 0,
        "height": 0
      }
    }
  },
  "filterByStatus": {
    "container": "actionSection",
    "subcontainer": "00030",
    "col": 8,
    "height": 0.2,
    "stackPosition": {
      "object": {
        "ordinal": 1,
        "widthType": "fixed",
        "width": 0,
        "height": 0
      }
    }
  },
  "guidanceContent": {
    "container": "guidanceSection",
    "subcontainer": "00030",
    "height": 7.6,
    "width": 12,
    "stackPosition": {
      "object": {
        "ordinal": 0,
        "widthType": "fixed",
        "width": 0,
        "height": 0
      }
    }
  },
  "guidanceHeader": {
    "container": "guidanceSection",
    "rowGroup": "header",
    "subcontainer": "00030",
    "height": 1.2,
    "width": 12
  },
  "guidanceSection": {
    "row": 17.6,
    "height": 10,
    "width": 6,
    "stackPosition": {
      "object": {
        "ordinal": 0,
        "widthType": "fixed",
        "width": 0,
        "height": 0
      }
    }
  },
  "impactChart": {
    "container": "impactOverviewSection",
    "subcontainer": "00030",
    "row": 3.4,
    "height": 4.2,
    "width": 12,
    "stackPosition": {
      "object": {
        "ordinal": 0,
        "widthType": "fixed",
        "width": 0,
        "height": 0
      }
    }
  },
  "impactMetricInput": {
    "subcontainer": "createProjectModal",
    "row": 7.6,
    "col": 6,
    "height": 0.2,
    "width": 6
  },
  "impactOverviewSection": {
    "row": 17.6,
    "col": 6,
    "height": 10,
    "width": 6
  },
  "pageSubtitle2": {
    "row": 2,
    "height": 1.2,
    "width": 12
  },
  "pageTitle2": {
    "row": 0.4,
    "height": 1.6,
    "width": 12
  },
  "peopleReachedInput": {
    "subcontainer": "createProjectModal",
    "row": 7.6,
    "height": 0.2,
    "width": 6
  },
  "projectDescriptionInput": {
    "subcontainer": "createProjectModal",
    "row": 2,
    "height": 1,
    "width": 12
  },
  "projectInfoDisplay": {
    "subcontainer": "projectDetailDrawer",
    "row": 2,
    "height": 6,
    "width": 12
  },
  "projectNameDisplay": {
    "subcontainer": "projectDetailDrawer",
    "height": 1.6,
    "width": 12
  },
  "projectNameInput": {
    "subcontainer": "createProjectModal",
    "height": 0.2,
    "width": 12
  },
  "projectStageSelect": {
    "subcontainer": "createProjectModal",
    "row": 5.6,
    "height": 0.2,
    "width": 6
  },
  "projectStatusSelect": {
    "subcontainer": "createProjectModal",
    "row": 5.6,
    "col": 6,
    "height": 0.2,
    "width": 6
  },
  "projectsTable2": {
    "container": "projectsTableSection",
    "subcontainer": "00030",
    "height": 9.6,
    "width": 12,
    "stackPosition": {
      "object": {
        "ordinal": 0,
        "widthType": "fixed",
        "width": 0,
        "height": 0
      }
    }
  },
  "projectsTableSection": {
    "row": 5.6,
    "height": 12,
    "width": 12
  },
  "saveProjectButton": {
    "rowGroup": "footer",
    "subcontainer": "createProjectModal",
    "col": 8,
    "height": 1,
    "width": 4
  },
  "startDateInput": {
    "subcontainer": "createProjectModal",
    "row": 9.6,
    "height": 0.2,
    "width": 6
  },
  "targetEndDateInput": {
    "subcontainer": "createProjectModal",
    "row": 9.6,
    "col": 6,
    "height": 0.2,
    "width": 6
  },
  "totalPeopleReached": {
    "container": "impactOverviewSection",
    "subcontainer": "00030",
    "height": 0.8,
    "width": 6,
    "stackPosition": {
      "object": {
        "ordinal": 1,
        "widthType": "fixed",
        "width": 0,
        "height": 0
      }
    }
  },
  "updateProjectButton": {
    "rowGroup": "footer",
    "subcontainer": "editProjectModal",
    "col": 8,
    "height": 1,
    "width": 4
  }
}
