{
  "addTaskButton": {
    "container": "tasksSection",
    "rowGroup": "header",
    "subcontainer": "00030",
    "col": 10,
    "height": 1,
    "width": 2
  },
  "applicationSystemsSection": {
    "row": 24,
    "height": 7,
    "width": 12
  },
  "cancelAddTask": {
    "rowGroup": "footer",
    "subcontainer": "addTaskModal",
    "height": 1,
    "width": 4
  },
  "cancelEditTask": {
    "rowGroup": "footer",
    "subcontainer": "editTaskModal",
    "height": 1,
    "width": 4
  },
  "categoryFilter": {
    "container": "tasksSection",
    "subcontainer": "00030",
    "height": 0.2,
    "width": 12,
    "stackPosition": {
      "object": {
        "ordinal": 0,
        "widthType": "fixed",
        "width": 0,
        "height": 0
      }
    }
  },
  "coalitionProgress2": {
    "container": "applicationSystemsSection",
    "subcontainer": "00030",
    "row": 2.4,
    "height": 0.4,
    "width": 6,
    "stackPosition": {
      "object": {
        "ordinal": 0,
        "widthType": "fixed",
        "width": 0,
        "height": 0
      }
    }
  },
  "commonAppProgress2": {
    "container": "applicationSystemsSection",
    "subcontainer": "00030",
    "height": 0.4,
    "width": 6,
    "stackPosition": {
      "object": {
        "ordinal": 3,
        "widthType": "fixed",
        "width": 0,
        "height": 0
      }
    }
  },
  "daysUntilFirst": {
    "container": "overallProgressSection",
    "subcontainer": "00030",
    "col": 9,
    "height": 0.8,
    "stackPosition": {
      "object": {
        "ordinal": 3,
        "widthType": "fixed",
        "width": 0,
        "height": 0
      }
    }
  },
  "deadlinesSection": {
    "row": 31,
    "height": 9,
    "width": 12,
    "stackPosition": {
      "object": {
        "ordinal": 0,
        "widthType": "fixed",
        "width": 0,
        "height": 0
      }
    }
  },
  "deadlinesTable2": {
    "container": "deadlinesSection",
    "subcontainer": "00030",
    "height": 6.6,
    "width": 12,
    "stackPosition": {
      "object": {
        "ordinal": 0,
        "widthType": "fixed",
        "width": 0,
        "height": 0
      }
    }
  },
  "editTaskCategorySelect": {
    "subcontainer": "editTaskModal",
    "row": 2,
    "height": 0.2,
    "width": 6
  },
  "editTaskDueDateInput": {
    "subcontainer": "editTaskModal",
    "row": 4,
    "height": 0.2,
    "width": 6
  },
  "editTaskNameInput": {
    "subcontainer": "editTaskModal",
    "height": 0.2,
    "width": 12
  },
  "editTaskNotesInput": {
    "subcontainer": "editTaskModal",
    "row": 6,
    "height": 1,
    "width": 12
  },
  "editTaskPrioritySelect": {
    "subcontainer": "editTaskModal",
    "row": 2,
    "col": 6,
    "height": 0.2,
    "width": 6
  },
  "editTaskStatusSelect": {
    "subcontainer": "editTaskModal",
    "row": 4,
    "col": 6,
    "height": 0.2,
    "width": 6
  },
  "milestonesSection": {
    "row": 13,
    "height": 11,
    "width": 6
  },
  "milestonesTable": {
    "container": "milestonesSection",
    "subcontainer": "00030",
    "height": 8.6,
    "width": 12,
    "stackPosition": {
      "object": {
        "ordinal": 0,
        "widthType": "fixed",
        "width": 0,
        "height": 0
      }
    }
  },
  "overallCompletion": {
    "container": "overallProgressSection",
    "subcontainer": "00030",
    "height": 0.8,
    "stackPosition": {
      "object": {
        "ordinal": 1,
        "widthType": "fixed",
        "width": 0,
        "height": 0
      }
    }
  },
  "overallProgressSection": {
    "row": 3.6,
    "height": 3.6,
    "width": 12,
    "stackPosition": {
      "object": {
        "ordinal": 0,
        "widthType": "fixed",
        "width": 0,
        "height": 0
      }
    }
  },
  "ptPageSubtitle": {
    "row": 2,
    "height": 1.2,
    "width": 12
  },
  "ptPageTitle": {
    "row": 0.4,
    "height": 1.6,
    "width": 12
  },
  "questBridgeProgress2": {
    "container": "applicationSystemsSection",
    "subcontainer": "00030",
    "row": 3.6,
    "height": 0.4,
    "width": 6,
    "stackPosition": {
      "object": {
        "ordinal": 2,
        "widthType": "fixed",
        "width": 0,
        "height": 0
      }
    }
  },
  "saveTask": {
    "rowGroup": "footer",
    "subcontainer": "addTaskModal",
    "col": 8,
    "height": 1,
    "width": 4
  },
  "systemsNote": {
    "container": "applicationSystemsSection",
    "subcontainer": "00030",
    "col": 6,
    "height": 4.6,
    "width": 6,
    "stackPosition": {
      "object": {
        "ordinal": 4,
        "widthType": "fixed",
        "width": 0,
        "height": 0
      }
    }
  },
  "taskCategorySelect": {
    "subcontainer": "addTaskModal",
    "row": 2,
    "height": 0.2,
    "width": 6
  },
  "taskDueDateInput": {
    "subcontainer": "addTaskModal",
    "row": 4,
    "height": 0.2,
    "width": 6
  },
  "taskNameInput": {
    "subcontainer": "addTaskModal",
    "height": 0.2,
    "width": 12
  },
  "taskNotesInput": {
    "subcontainer": "addTaskModal",
    "row": 6,
    "height": 1,
    "width": 12
  },
  "taskPrioritySelect": {
    "subcontainer": "addTaskModal",
    "row": 2,
    "col": 6,
    "height": 0.2,
    "width": 6
  },
  "taskStatusSelect": {
    "subcontainer": "addTaskModal",
    "row": 4,
    "col": 6,
    "height": 0.2,
    "width": 6
  },
  "tasksCompleted": {
    "container": "overallProgressSection",
    "subcontainer": "00030",
    "col": 3,
    "height": 0.8,
    "stackPosition": {
      "object": {
        "ordinal": 2,
        "widthType": "fixed",
        "width": 0,
        "height": 0
      }
    }
  },
  "tasksSection": {
    "row": 13,
    "col": 6,
    "height": 11,
    "width": 6,
    "stackPosition": {
      "object": {
        "ordinal": 0,
        "widthType": "fixed",
        "width": 0,
        "height": 0
      }
    }
  },
  "tasksTable": {
    "container": "tasksSection",
    "subcontainer": "00030",
    "row": 2,
    "height": 6,
    "width": 12,
    "stackPosition": {
      "object": {
        "ordinal": 1,
        "widthType": "fixed",
        "width": 0,
        "height": 0
      }
    }
  },
  "ucProgress2": {
    "container": "applicationSystemsSection",
    "subcontainer": "00030",
    "row": 1.2,
    "height": 0.4,
    "width": 6,
    "stackPosition": {
      "object": {
        "ordinal": 1,
        "widthType": "fixed",
        "width": 0,
        "height": 0
      }
    }
  },
  "upcomingDeadlinesCount": {
    "container": "overallProgressSection",
    "subcontainer": "00030",
    "col": 6,
    "height": 0.8,
    "stackPosition": {
      "object": {
        "ordinal": 0,
        "widthType": "fixed",
        "width": 0,
        "height": 0
      }
    }
  },
  "updateTask": {
    "rowGroup": "footer",
    "subcontainer": "editTaskModal",
    "col": 8,
    "height": 1,
    "width": 4
  }
}
