{
  "addEducationButtonRB": {
    "container": "educationSectionRB",
    "rowGroup": "header",
    "subcontainer": "00030",
    "row": 0.6,
    "col": 8,
    "height": 1,
    "width": 4
  },
  "addExperienceButtonRB": {
    "container": "experiencesSectionRB",
    "rowGroup": "header",
    "subcontainer": "00030",
    "row": 0.6,
    "col": 8,
    "height": 1,
    "width": 4
  },
  "addSkillButtonRB": {
    "container": "skillsSectionRB",
    "subcontainer": "00030",
    "row": 3,
    "col": 8,
    "height": 1,
    "width": 4,
    "stackPosition": {
      "object": {
        "ordinal": 1,
        "widthType": "fixed",
        "width": 0,
        "height": 0
      }
    }
  },
  "addSkillInputRB": {
    "container": "skillsSectionRB",
    "subcontainer": "00030",
    "row": 2.4,
    "height": 0.2,
    "width": 8,
    "stackPosition": {
      "object": {
        "ordinal": 2,
        "widthType": "fixed",
        "width": 0,
        "height": 0
      }
    }
  },
  "cancelEducationButtonRB": {
    "rowGroup": "footer",
    "subcontainer": "addEducationModal",
    "height": 1,
    "width": 4
  },
  "cancelExperienceButtonRB": {
    "rowGroup": "footer",
    "subcontainer": "addExperienceModal",
    "height": 1,
    "width": 4
  },
  "degreeInputRB": {
    "subcontainer": "addEducationModal",
    "row": 2.4,
    "height": 0.2,
    "width": 12
  },
  "educationEndInputRB": {
    "subcontainer": "addEducationModal",
    "row": 6.4,
    "col": 6,
    "height": 0.2,
    "width": 6
  },
  "educationHeaderRB": {
    "container": "educationSectionRB",
    "rowGroup": "header",
    "subcontainer": "00030",
    "height": 1.2,
    "width": 8
  },
  "educationModalTitleRB": {
    "rowGroup": "header",
    "subcontainer": "addEducationModal",
    "height": 1.2,
    "width": 12
  },
  "educationSectionRB": {
    "container": "leftPanelRB",
    "subcontainer": "00030",
    "row": 17.6,
    "height": 7.6,
    "width": 12,
    "stackPosition": {
      "object": {
        "ordinal": 0,
        "widthType": "fixed",
        "width": 0,
        "height": 0
      }
    }
  },
  "educationStartInputRB": {
    "subcontainer": "addEducationModal",
    "row": 6.4,
    "height": 0.2,
    "width": 6
  },
  "educationTableRB": {
    "container": "educationSectionRB",
    "subcontainer": "00030",
    "height": 4.8,
    "width": 12,
    "stackPosition": {
      "object": {
        "ordinal": 0,
        "widthType": "fixed",
        "width": 0,
        "height": 0
      }
    }
  },
  "emailInputRB": {
    "container": "personalInfoSectionRB",
    "subcontainer": "00030",
    "row": 0.4,
    "col": 6,
    "height": 0.2,
    "width": 6,
    "stackPosition": {
      "object": {
        "ordinal": 1,
        "widthType": "fixed",
        "width": 0,
        "height": 0
      }
    }
  },
  "experienceEndDateInputRB": {
    "subcontainer": "addExperienceModal",
    "row": 4.4,
    "col": 6,
    "height": 0.2,
    "width": 6
  },
  "experienceHoursInputRB": {
    "subcontainer": "addExperienceModal",
    "row": 6.4,
    "height": 0.2,
    "width": 6
  },
  "experienceImpactInputRB": {
    "subcontainer": "addExperienceModal",
    "row": 8.4,
    "height": 1,
    "width": 12
  },
  "experienceModalTitleRB": {
    "rowGroup": "header",
    "subcontainer": "addExperienceModal",
    "height": 1.2,
    "width": 12
  },
  "experienceOrgInputRB": {
    "subcontainer": "addExperienceModal",
    "row": 2.4,
    "height": 0.2,
    "width": 12
  },
  "experienceRoleInputRB": {
    "subcontainer": "addExperienceModal",
    "row": 0.4,
    "height": 0.2,
    "width": 12
  },
  "experienceStartDateInputRB": {
    "subcontainer": "addExperienceModal",
    "row": 4.4,
    "height": 0.2,
    "width": 6
  },
  "experiencesHeaderRB": {
    "container": "experiencesSectionRB",
    "rowGroup": "header",
    "subcontainer": "00030",
    "height": 1.2,
    "width": 8
  },
  "experiencesSectionRB": {
    "container": "leftPanelRB",
    "subcontainer": "00030",
    "row": 8.8,
    "height": 8.8,
    "width": 12,
    "stackPosition": {
      "object": {
        "ordinal": 2,
        "widthType": "fixed",
        "width": 0,
        "height": 0
      }
    }
  },
  "experiencesTableRB": {
    "container": "experiencesSectionRB",
    "subcontainer": "00030",
    "height": 6,
    "width": 12,
    "stackPosition": {
      "object": {
        "ordinal": 0,
        "widthType": "fixed",
        "width": 0,
        "height": 0
      }
    }
  },
  "exportPdfButtonRB": {
    "container": "rightPanelRB",
    "rowGroup": "header",
    "subcontainer": "00030",
    "col": 8,
    "height": 1,
    "width": 4
  },
  "fullNameInput": {
    "container": "personalInfoSectionRB",
    "subcontainer": "00030",
    "row": 0.4,
    "height": 0.2,
    "width": 6,
    "stackPosition": {
      "object": {
        "ordinal": 3,
        "widthType": "fixed",
        "width": 0,
        "height": 0
      }
    }
  },
  "gpaInputRB": {
    "subcontainer": "addEducationModal",
    "row": 8.4,
    "height": 0.2,
    "width": 6
  },
  "honorsInputRB": {
    "subcontainer": "addEducationModal",
    "row": 10.4,
    "height": 1,
    "width": 12
  },
  "leftPanelRB": {
    "container": "mainLayoutRB",
    "subcontainer": "00030",
    "height": 32,
    "width": 7,
    "stackPosition": {
      "object": {
        "ordinal": 0,
        "widthType": "fixed",
        "width": 0,
        "height": 0
      }
    }
  },
  "linkedinInputRB": {
    "container": "personalInfoSectionRB",
    "subcontainer": "00030",
    "row": 4.4,
    "height": 0.2,
    "width": 6,
    "stackPosition": {
      "object": {
        "ordinal": 2,
        "widthType": "fixed",
        "width": 0,
        "height": 0
      }
    }
  },
  "locationInputRB": {
    "container": "personalInfoSectionRB",
    "subcontainer": "00030",
    "row": 2.4,
    "col": 6,
    "height": 0.2,
    "width": 6,
    "stackPosition": {
      "object": {
        "ordinal": 5,
        "widthType": "fixed",
        "width": 0,
        "height": 0
      }
    }
  },
  "mainLayoutRB": {
    "row": 3.2,
    "height": 32,
    "width": 12,
    "stackPosition": {
      "object": {
        "ordinal": 0,
        "widthType": "fixed",
        "width": 0,
        "height": 0
      }
    }
  },
  "majorInputRB": {
    "subcontainer": "addEducationModal",
    "row": 4.4,
    "height": 0.2,
    "width": 12
  },
  "pageSubtitleRB": {
    "row": 2,
    "height": 0.8,
    "width": 12
  },
  "pageTitleRB": {
    "row": 0.4,
    "height": 1.6,
    "width": 12
  },
  "personalInfoHeaderRB": {
    "container": "personalInfoSectionRB",
    "rowGroup": "header",
    "subcontainer": "00030",
    "height": 1.2,
    "width": 12
  },
  "personalInfoSectionRB": {
    "container": "leftPanelRB",
    "subcontainer": "00030",
    "row": 0.4,
    "height": 8,
    "width": 12,
    "stackPosition": {
      "object": {
        "ordinal": 3,
        "widthType": "fixed",
        "width": 0,
        "height": 0
      }
    }
  },
  "phoneInputRB": {
    "container": "personalInfoSectionRB",
    "subcontainer": "00030",
    "row": 2.4,
    "height": 0.2,
    "width": 6,
    "stackPosition": {
      "object": {
        "ordinal": 0,
        "widthType": "fixed",
        "width": 0,
        "height": 0
      }
    }
  },
  "previewHeaderRB": {
    "container": "rightPanelRB",
    "rowGroup": "header",
    "subcontainer": "00030",
    "row": 1,
    "height": 1.2,
    "width": 12
  },
  "resumePreviewTextRB": {
    "container": "rightPanelRB",
    "subcontainer": "00030",
    "row": 0.4,
    "height": 28,
    "width": 12,
    "stackPosition": {
      "object": {
        "ordinal": 0,
        "widthType": "fixed",
        "width": 0,
        "height": 0
      }
    }
  },
  "rightPanelRB": {
    "container": "mainLayoutRB",
    "subcontainer": "00030",
    "col": 7,
    "height": 32,
    "width": 5,
    "stackPosition": {
      "object": {
        "ordinal": 1,
        "widthType": "fixed",
        "width": 0,
        "height": 0
      }
    }
  },
  "saveEducationButtonRB": {
    "rowGroup": "footer",
    "subcontainer": "addEducationModal",
    "col": 8,
    "height": 1,
    "width": 4
  },
  "saveExperienceButtonRB": {
    "rowGroup": "footer",
    "subcontainer": "addExperienceModal",
    "col": 8,
    "height": 1,
    "width": 4
  },
  "schoolNameInputRB": {
    "subcontainer": "addEducationModal",
    "row": 0.4,
    "height": 0.2,
    "width": 12
  },
  "skillsHeaderRB": {
    "container": "skillsSectionRB",
    "rowGroup": "header",
    "subcontainer": "00030",
    "height": 1.2,
    "width": 12
  },
  "skillsSectionRB": {
    "container": "leftPanelRB",
    "subcontainer": "00030",
    "row": 25.2,
    "height": 5.2,
    "width": 12,
    "stackPosition": {
      "object": {
        "ordinal": 1,
        "widthType": "fixed",
        "width": 0,
        "height": 0
      }
    }
  },
  "skillsTagsRB": {
    "container": "skillsSectionRB",
    "subcontainer": "00030",
    "row": 0.4,
    "height": 0.8,
    "width": 12,
    "stackPosition": {
      "object": {
        "ordinal": 0,
        "widthType": "fixed",
        "width": 0,
        "height": 0
      }
    }
  },
  "websiteInputRB": {
    "container": "personalInfoSectionRB",
    "subcontainer": "00030",
    "row": 4.4,
    "col": 6,
    "height": 0.2,
    "width": 6,
    "stackPosition": {
      "object": {
        "ordinal": 4,
        "widthType": "fixed",
        "width": 0,
        "height": 0
      }
    }
  }
}
