{
  "applicationDateInput": {
    "subcontainer": "updateStatusModal",
    "row": 4,
    "height": 0.2,
    "width": 6
  },
  "applicationStatusSelect": {
    "subcontainer": "updateStatusModal",
    "row": 2,
    "height": 0.2,
    "width": 12
  },
  "avgAmount": {
    "container": "statsSection",
    "subcontainer": "00030",
    "col": 3,
    "height": 0.8,
    "stackPosition": {
      "object": {
        "ordinal": 0,
        "widthType": "fixed",
        "width": 0,
        "height": 0
      }
    }
  },
  "cancelStatusButton": {
    "rowGroup": "footer",
    "subcontainer": "updateStatusModal",
    "height": 1,
    "width": 4
  },
  "clearFiltersButton": {
    "container": "searchFilterSection",
    "subcontainer": "00030",
    "row": 0.6,
    "col": 8,
    "height": 1,
    "width": 2,
    "stackPosition": {
      "object": {
        "ordinal": 3,
        "widthType": "fixed",
        "width": 0,
        "height": 0
      }
    }
  },
  "closeModalButton": {
    "rowGroup": "footer",
    "subcontainer": "scholarshipDetailModal",
    "height": 1,
    "width": 4
  },
  "eligibilityText": {
    "subcontainer": "scholarshipDetailModal",
    "row": 9,
    "height": 3,
    "width": 12
  },
  "filterByAmount": {
    "container": "searchFilterSection",
    "subcontainer": "00030",
    "row": 2,
    "height": 0.2,
    "stackPosition": {
      "object": {
        "ordinal": 5,
        "widthType": "fixed",
        "width": 0,
        "height": 0
      }
    }
  },
  "filterByDeadline": {
    "container": "searchFilterSection",
    "subcontainer": "00030",
    "row": 2,
    "col": 3,
    "height": 0.2,
    "width": 4,
    "stackPosition": {
      "object": {
        "ordinal": 0,
        "widthType": "fixed",
        "width": 0,
        "height": 0
      }
    }
  },
  "filterByEligibility": {
    "container": "searchFilterSection",
    "subcontainer": "00030",
    "row": 2,
    "col": 7,
    "height": 0.2,
    "stackPosition": {
      "object": {
        "ordinal": 4,
        "widthType": "fixed",
        "width": 0,
        "height": 0
      }
    }
  },
  "requirementsText": {
    "subcontainer": "scholarshipDetailModal",
    "row": 20,
    "height": 3,
    "width": 12
  },
  "resultsSection2": {
    "row": 10.8,
    "height": 12,
    "width": 12,
    "stackPosition": {
      "object": {
        "ordinal": 0,
        "widthType": "fixed",
        "width": 0,
        "height": 0
      }
    }
  },
  "saveScholarshipButton": {
    "rowGroup": "footer",
    "subcontainer": "scholarshipDetailModal",
    "col": 8,
    "height": 1,
    "width": 4
  },
  "saveStatusButton": {
    "rowGroup": "footer",
    "subcontainer": "updateStatusModal",
    "col": 8,
    "height": 1,
    "width": 4
  },
  "savedCount": {
    "container": "statsSection",
    "subcontainer": "00030",
    "col": 9,
    "height": 0.8,
    "stackPosition": {
      "object": {
        "ordinal": 2,
        "widthType": "fixed",
        "width": 0,
        "height": 0
      }
    }
  },
  "savedScholarshipsSection": {
    "row": 24,
    "height": 10,
    "width": 12,
    "stackPosition": {
      "object": {
        "ordinal": 0,
        "widthType": "fixed",
        "width": 0,
        "height": 0
      }
    }
  },
  "savedScholarshipsTable": {
    "container": "savedScholarshipsSection",
    "subcontainer": "00030",
    "height": 7.6,
    "width": 12,
    "stackPosition": {
      "object": {
        "ordinal": 0,
        "widthType": "fixed",
        "width": 0,
        "height": 0
      }
    }
  },
  "scholarshipBasicInfo": {
    "subcontainer": "scholarshipDetailModal",
    "row": 2,
    "width": 12
  },
  "scholarshipNameDisplay": {
    "subcontainer": "scholarshipDetailModal",
    "height": 1.6,
    "width": 12
  },
  "scholarshipNotes": {
    "subcontainer": "scholarshipDetailModal",
    "row": 19,
    "height": 1,
    "width": 12
  },
  "scholarshipsPageSubtitle": {
    "row": 2,
    "height": 1.2,
    "width": 12
  },
  "scholarshipsPageTitle": {
    "row": 0.4,
    "height": 1.6,
    "width": 12
  },
  "scholarshipsTable2": {
    "container": "resultsSection2",
    "subcontainer": "00030",
    "height": 9.6,
    "width": 12,
    "stackPosition": {
      "object": {
        "ordinal": 0,
        "widthType": "fixed",
        "width": 0,
        "height": 0
      }
    }
  },
  "searchButton": {
    "container": "searchFilterSection",
    "subcontainer": "00030",
    "row": 0.6,
    "col": 6,
    "height": 1,
    "width": 2,
    "stackPosition": {
      "object": {
        "ordinal": 2,
        "widthType": "fixed",
        "width": 0,
        "height": 0
      }
    }
  },
  "searchFilterSection": {
    "row": 3.6,
    "height": 3.6,
    "width": 12,
    "stackPosition": {
      "object": {
        "ordinal": 0,
        "widthType": "fixed",
        "width": 0,
        "height": 0
      }
    }
  },
  "searchInput": {
    "container": "searchFilterSection",
    "subcontainer": "00030",
    "height": 0.2,
    "width": 6,
    "stackPosition": {
      "object": {
        "ordinal": 1,
        "widthType": "fixed",
        "width": 0,
        "height": 0
      }
    }
  },
  "sortBySelect": {
    "container": "resultsSection2",
    "rowGroup": "header",
    "subcontainer": "00030",
    "col": 10,
    "height": 0.2,
    "width": 2
  },
  "statsSection": {
    "row": 7.2,
    "height": 3.6,
    "width": 12
  },
  "statusNotesInput": {
    "subcontainer": "updateStatusModal",
    "row": 6,
    "height": 1,
    "width": 12
  },
  "statusScholarshipName": {
    "subcontainer": "updateStatusModal",
    "height": 1.6,
    "width": 12
  },
  "totalScholarships": {
    "container": "statsSection",
    "subcontainer": "00030",
    "height": 0.8,
    "stackPosition": {
      "object": {
        "ordinal": 1,
        "widthType": "fixed",
        "width": 0,
        "height": 0
      }
    }
  },
  "upcomingDeadlines2": {
    "container": "statsSection",
    "subcontainer": "00030",
    "col": 6,
    "height": 0.8,
    "stackPosition": {
      "object": {
        "ordinal": 3,
        "widthType": "fixed",
        "width": 0,
        "height": 0
      }
    }
  }
}
